name,email,mobile
Michael Chen,m.chen@harborpointbh.com,+1 212 555 0142
Maria Garcia,maria.garcia@riverbendcounseling.com,+1 909 555 0188
Lisa Johnson,ljohnson@elderscrossingclinical.com,+1 410 555 0119
Sarah Goldberg,sgoldberg@westbankpsychotherapy.com,+1 201 555 0173
Daniel Rivera,d.rivera@canyonoaksbehavioral.com,+1 818 555 0164
Marcus Delgado,marcus@delgadobehavioral.com,+1 305 555 0155
Jennifer Nguyen,jnguyen@orangegrovetherapy.com,+1 714 555 0131
David Cohen,dcohen@cohenpsychiatry.com,+1 617 555 0127
Michael Chen,michaelchen88@gmail.com,+1 646 555 0102
Lisa Johnson,lisaj.therapy@yahoo.com,+1 301 555 0198
Maria Garcia,mgarcia.lcsw@gmail.com,+1 619 555 0177
Daniel Rivera,drivera1982@hotmail.com,+1 213 555 0144
Sarah Goldberg,sarahgoldberg@icloud.com,+1 973 555 0166
Jennifer Nguyen,jen.nguyen.pmhnp@gmail.com,+1 949 555 0111
Thaddeus Okonkwo-Vance,t.okonkwo@vancebehavioralpartners.com,+1 512 555 0121
Ingrid Halvorsen-Reyes,ingrid@halvorsenreyes.com,+1 503 555 0135
Cassius Brightwater,cassius.brightwater@gmail.com,+1 720 555 0149
Odalys Fernandez-Kwan,odalys@fkbehavioralhealth.com,+1 786 555 0152
Zephyr Nakamura-Ostrowski,zephyr.n@northstarpsychgroup.com,+1 206 555 0163
Marisol Vantongeren,marisol.v@gmail.com,+1 415 555 0170
Bartholomew Quintanilla,bquintanilla@quintanillacounseling.com,+1 210 555 0184
Anneliese Sorokin,a.sorokin@lakeshoremindhealth.com,+1 312 555 0193
dr. michael chen,M.CHEN@HARBORPOINTBH.COM ,(212) 555-0142
"Chen, Michael",m.chen+jotpsych@harborpointbh.com,212-555-0142
R. Patel,rpatel@patelpsychiatric.com,+1 908 555 0158
K. Williams,kwilliams@gmail.com,
Jordan Blake,jordan.blake@meadowlarkbh.com,+1 802 555 0179
Amara Osei,aosei@oseibehavioral.com,+1 404 555 0186
Tomas Lindqvist,tlindqvist@northbaypsychiatry.com,+1 707 555 0192
Rebecca Sterling,rsterling@sterlingmindcare.com,+1 480 555 0104
Hyun-Woo Park,hpark@parkbehavioralmed.com,+1 425 555 0117
Fatima Al-Rashid,falrashid@crescentcounselingaz.com,+1 602 555 0128
Gabriel Santos,gsantos@santosmentalhealth.com,+1 813 555 0139
Nadia Petrov,npetrov@petrovpsychology.com,+1 702 555 0141
Elias Mbeki,emeki@harmonybehavioralga.com,+1 678 555 0153
Yuki Tanaka,ytanaka@tanakacounseling.com,+1 858 555 0165
Colm Fitzgerald,cfitzgerald@shamrockbehavioral.com,+1 617 555 0176
Sofia Duarte,sduarte@duartepsychiatricnp.com,+1 786 555 0187
Aaron Whitcombe,awhitcombe@gmail.com,+1 971 555 0199
Leilani Kahananui,lkahananui@islandmindhealth.com,+1 808 555 0108
