name,credential,specialty,state,practice_size,months_using,consent,attestation
Dr. Amanda Reyes,MD,Psychiatry,NY,solo,14,yes,"I stopped doing notes after dinner. That is the whole review."
Jordan Blake,LCSW,Social Worker,CA,2-6,9,yes,"It writes like a therapist wrote it. I edit maybe two lines."
Dr. Lena Okoro,PMHNP,Psychiatric Nurse Practitioner,TX,7+,6,yes,"Our denial rate dropped once the notes stopped missing payer language."
Priya Anand,LPC,Counselor,FL,2-6,11,yes,"We added two clinicians without adding an admin."
Dr. Samuel Ortiz,DO,Psychiatry,MA,solo,8,yes,"I kept my old system for a month. Then I did not need it."
Rachel Kim,PsyD,Psychologist,IL,2-6,5,no,"Pending consent - never quoted."
Dana Whitfield,BCBA,Behavior Analyst,CA,7+,10,yes,"Session notes stopped being the thing I did after the kids went to bed."
Dr. Marcus Hale,PMHNP,Psychiatric Nurse Practitioner,NY,2-6,7,yes,"I moved practices and kept JotPsych. That was the easy part of the move."
Tessa Nolan,LMHC,Behavior Technician,CA,2-6,4,yes,"Supervision notes and session notes finally live in the same place."
